,Variable,Importancia
6,9_VarExp_Atri_IndMelhorTecnDiqCint,0.3717298958813589
7,10_VarExp_Atri_MelhorTecnTubos,0.28320222777593024
8,Area_bolanha,0.12123459779647269
0,Indeg_IntimAmigos_,0.04989247768162204
5,8_VarExp_Atri_IndInvestDiq,0.04657170944960154
2,PC1_Distance_Pro,0.03041397744015375
3,Degree_RedeTotFamil,0.029514504090238886
4,1_VarExp_Moranca,0.025692392192542903
1,Indeg_RedeRisk_Cen,0.022623359559433214
9,OutDeg_RedeRisk_Cen,0.019124858132645698
